Name,Class,Var1,Var2,Var3,Var4,Var5,Var6,Var7,Var8,Var9,Var10,Var11,Var12,Var13,Var14,Var15,Var16,Var17,Var18,Var19,Var20,Var21,Var22,Var23,Var24,Var25,Var26,Var27,Var28,Var29,Var30,Var31,Var32,Var33,Var34,Var35,Var36,Var37,Var38,Var39,Var40
potato001.png,p,0.0850864,0.08265536,0.1580176,0.060776,0.2649834,0.2187936,0.1531555,0.09237952,0.1288451,0.2017763,0.1628797,0.2722765,0.1434314,0.2017763,0.184759,0.1726038,0.1337072,0.06806912,0.2260867,0.05591392,0.2333798,0.1774659,0.2260867,0.182328,0.1628797,0.2260867,0.0850864,0.08994848,0.05105184,0.1166899,0.1264141,0.1093968,0.1944832,0.07536224,0.1507245,0.03403456,0.1628797,0.1580176,0.1069658,0.0972416
potato002.png,p,0.2179218,0.1694947,0.284509,0.2542421,0.1210677,0.04842707,0.006053383,0.1816015,0.06053384,0.05448045,0.07869399,0.0363203,0.1392278,0.284509,0.1392278,0.04237368,0.1755481,0.3147759,0.07264061,0.09080075,0.2966158,0.07869399,0.2481887,0.04842707,0.07869399,0.02421353,0.08474737,0.1755481,0.1452812,0.05448045,0.1634414,0.04237368,0.04842707,0.05448045,0.363203,0.04842707,0.006053383,0.1634414,0.02421353,0.1634414
potato003.png,p,0.1398126,0.1512259,0.09986617,0.04279979,0.1069995,0.4080246,0.1654925,0.08274626,0.1711992,0.1027195,0.09273288,0.4051713,0.06562634,0.2296922,0.05421307,0.2197056,0.1283994,0.04850643,0.2667854,0.04565311,0.06847966,0.1069995,0.1797591,0.1569326,0.08274626,0.2539454,0.05849304,0.07703962,0.03709315,0.1112795,0.08274626,0.1983057,0.2182789,0.1269727,0.02710653,0.08559958,0.09415954,0.08559958,0.1027195,0.09130622
potato004.png,p,0.1448466,0.07242328,0.05173091,0.03103855,0.04138473,0.06207709,0.08276946,0.07242328,0.1862313,0.3000393,0.1862313,0.1551927,0.01034618,0.2172698,0,0.3103855,0.113808,0.02069237,0.3103855,0.08276946,0.02069237,0.2172698,0.2690007,0.2172698,0.05173091,0.2586546,0.1345004,0.06207709,0.02069237,0.3207317,0.02069237,0.1034618,0.07242328,0,0.02069237,0.07242328,0.227616,0.1655389,0.1655389,0.1345004
potato005.png,p,0.07771064,0.02220304,0.04440608,0.04440608,0.3219441,0.07771064,0.04440608,0.2442334,0,0.3441471,0.2442334,0.06660912,0.01110152,0.1443198,0.02220304,0.1554213,0.1776243,0.02220304,0.1776243,0.03330456,0.06660912,0.3108426,0.2886395,0.0555076,0.08881216,0.09991369,0.2442334,0.02220304,0.03330456,0.09991369,0.02220304,0.1110152,0.1665228,0.03330456,0.03330456,0.2886395,0.277538,0.1443198,0.09991369,0.1221167
potato006.png,p,0.1571079,0,0.02618465,0.1309232,0.2225695,0.3665851,0.01309232,0.0523693,0,0.3273081,0.09164627,0.484416,0.0523693,0.1309232,0.1178309,0.1832925,0.1571079,0.01309232,0.3142158,0.03927697,0.1702002,0.1963849,0.09164627,0.07855394,0.02618465,0.0523693,0.2094772,0.0523693,0.07855394,0.09164627,0.01309232,0.02618465,0.09164627,0.1702002,0.01309232,0.01309232,0.1440156,0.1047386,0.1047386,0
potato007.png,p,0.2328524,0.3605457,0.1727615,0.285432,0.05257958,0.04506821,0.06009095,0.2403638,0.05257958,0.01502274,0.07511368,0.03004547,0.2553865,0.1952956,0.1051592,0.08262505,0.2028069,0.142716,0.06760231,0.1276933,0.1877842,0.05257958,0.142716,0.1126705,0.1126705,0.02253411,0.03755684,0.1877842,0.03004547,0.09764779,0.2628979,0.02253411,0.2178297,0,0.285432,0.05257958,0.03755684,0.09013642,0.03755684,0.285432
potato008.png,p,0.105908,0.211816,0.05883778,0.06472156,0.1529782,0.1117918,0.105908,0.158862,0.3118402,0.1765133,0.07060534,0.1412107,0.1647458,0.1765133,0.01176756,0.370678,0.07060534,0.09414046,0.1235593,0.05883778,0.07648912,0.1117918,0.2530025,0.1353269,0.1117918,0.26477,0.09414046,0.07060534,0.052954,0.3118402,0.105908,0.1412107,0.1941647,0.1117918,0.105908,0.1000242,0.09414046,0.158862,0.05883778,0.211816
potato009.png,p,0.1400631,0.1127337,0.1947219,0.2322998,0.136647,0.02391322,0.03074557,0.08540435,0.04099409,0.05807496,0.02732939,0.05124261,0.1127337,0.1298146,0.2767101,0.1298146,0.1810572,0.1024852,0.1810572,0.1400631,0.3450336,0.1024852,0.05124261,0.1503117,0.215219,0.05124261,0.1503117,0.08882052,0.4782644,0.04782644,0.1263984,0.07173966,0.1605602,0.0922367,0.2049704,0.2083866,0.07173966,0.06149114,0.02391322,0.07515583
potato010.png,p,0.0465898,0.1444284,0.0465898,0.009317961,0.00465898,0.5544186,0.3074927,0.06522572,0.1490874,0.2143131,0.08852062,0.3028337,0.1537463,0.22829,0.01397694,0.08386164,0.06056674,0.1071565,0.1584053,0.1257925,0.02795388,0.0931796,0.1537463,0.1071565,0.04193082,0.1956772,0.03261286,0.05590776,0.009317961,0.07920266,0.0698847,0.1584053,0.1024976,0.2562439,0.03261286,0,0.1584053,0.0698847,0.1164745,0.1257925
potato011.png,p,0.1364765,0.1819686,0.09098431,0.009098431,0.03639372,0.1728702,0.2820514,0.2456576,0.127378,0.1637718,0.1819686,0.3548388,0.1728702,0.2183623,0.05459059,0.2365592,0.01819686,0.1364765,0.1546733,0.127378,0.04549216,0.3184451,0.2001655,0.1728702,0,0.1637718,0.06368902,0.08188588,0,0.08188588,0.1364765,0.1364765,0.2820514,0.07278745,0.03639372,0.009098431,0.05459059,0.1091812,0.09098431,0.08188588
potato012.png,p,0.06050627,0.08897981,0.05694708,0.04271031,0.06762466,0.1494861,0.06762466,0.1210125,0.202874,0.1993148,0.2206699,0.2064332,0.05338788,0.1530453,0.05338788,0.185078,0.2384659,0.08186142,0.1566045,0.2064332,0.1245717,0.1138942,0.110335,0.1921964,0.09609819,0.1779596,0.1316901,0.1530453,0.03203273,0.277617,0.09609819,0.1459269,0.1779596,0.09965739,0.1210125,0.1352493,0.3452417,0.1494861,0.2704986,0.1174534
potato013.png,p,0.1355221,0.1225268,0.1132445,0.08539747,0.2933217,0.1318091,0.1355221,0.1448044,0.1039621,0.1448044,0.1466609,0.1503738,0.1522303,0.2487665,0.1318091,0.1318091,0.1373785,0.1076751,0.2060678,0.0891104,0.1986419,0.1225268,0.1707949,0.1819337,0.1559432,0.1540867,0.2580489,0.05383753,0.1485173,0.1206703,0.1559432,0.1466609,0.1856467,0.1726514,0.194929,0.1819337,0.1429479,0.1503738,0.1076751,0.1429479
potato014.png,p,0.02834101,0,0.04251152,0.09919354,0.2125576,0.1275345,0.07085253,0.113364,0.1700461,0.2125576,0.08502303,0.2692396,0,0.1700461,0.04251152,0.3259216,0.1700461,0.01417051,0.2834101,0.05668202,0.1983871,0.1700461,0.1842166,0.1417051,0.04251152,0.2975806,0.01417051,0.02834101,0.08502303,0.3400921,0.09919354,0.1558755,0.1983871,0,0.04251152,0.07085253,0.1558755,0.08502303,0.2267281,0.07085253
potato015.png,p,0.09221532,0.1141713,0.06147688,0.01317362,0.1405186,0.193213,0.05269447,0.1141713,0.1405186,0.09660652,0.3161668,0.1844306,0.0746505,0.2546899,0.1800394,0.2019955,0.2195603,0.04391206,0.2371251,0.07025929,0.127345,0.2151691,0.1844306,0.1668658,0.1317362,0.1141713,0.1361274,0.04391206,0.02634723,0.2502987,0.1229538,0.1536922,0.1185625,0.2810372,0.09221532,0.05708567,0.1668658,0.1844306,0.1317362,0.149301
potato016.png,p,0.08057669,0.1534056,0.1998922,0.01239641,0.03099103,0.3192076,0.1518561,0.07437848,0.06663072,0.1239641,0.1146668,0.3362527,0.1270632,0.2959644,0.044937,0.1084686,0.08057669,0.1750993,0.2014417,0.089874,0.0991713,0.1689011,0.2990635,0.09142355,0.1115677,0.2308832,0.05423431,0.05733341,0.05888296,0.1720002,0.08832444,0.2913157,0.1611534,0.02789193,0.1007209,0.02169372,0.1162164,0.1425588,0.08057669,0.193694
potato017.png,p,0.1705721,0.01895245,0.1705721,0.09476226,0.2274294,0.1516196,0.01895245,0.07580981,0.01895245,0.2463819,0.1137147,0.1516196,0.2653343,0.07580981,0.2463819,0,0.05685735,0.1326672,0.1895245,0.1137147,0.09476226,0.3032392,0.1326672,0.3221917,0.05685735,0.01895245,0.1137147,0.01895245,0,0,0.3411441,0.0379049,0.3980015,0.1326672,0.0379049,0.01895245,0.07580981,0.0379049,0.07580981,0.01895245
potato018.png,p,0.103945,0.09652032,0.07795873,0.1187942,0.1113696,0.3526704,0.0371232,0.1076573,0.08538336,0.2375885,0.2227392,0.1893283,0.0742464,0.1373558,0.09652032,0.2004653,0.2709994,0.02227392,0.278424,0.0556848,0.09652032,0.103945,0.1559175,0.1447805,0.06310944,0.1633421,0.1262189,0.196753,0.04454784,0.1373558,0.1373558,0.1893283,0.2487254,0.1559175,0.1336435,0.04083552,0.1522051,0.1930406,0.1484928,0.1336435
potato019.png,p,0.1845137,0.2274239,0.274625,0.2231328,0.07723829,0.09011134,0.04720118,0.3046621,0.0257461,0.04291016,0.01716406,0.1072754,0.09011134,0.1544766,0.1416035,0.1158574,0.1587676,0.2059688,0.1029844,0.1201485,0.2274239,0.03861915,0.09869337,0.0514922,0.1544766,0.0257461,0.05578321,0.1930957,0.2402969,0.07723829,0.1544766,0.09440236,0.1759317,0.1416035,0.2917891,0.03003711,0.03432813,0.07723829,0.008582032,0.3690274
potato020.png,p,0.1112187,0.1614465,0.130951,0.04484624,0.04843394,0.2959852,0.2367882,0.2080866,0.143508,0.1255695,0.09148634,0.2403759,0.1166002,0.2762529,0.07892939,0.1865604,0.1273633,0.1327449,0.2493451,0.07534169,0.1094248,0.1291572,0.2475513,0.08431094,0.06278475,0.2583144,0.1004556,0.1183941,0.05202165,0.1183941,0.09148634,0.2278189,0.2403759,0.01255695,0.1345387,0.03049545,0.1255695,0.1775911,0.1183941,0.1040433
potato021.png,p,0.1245266,0.1136032,0.1682201,0.07646371,0.09394112,0.3670258,0.128896,0.08520241,0.1136032,0.1791435,0.1725895,0.3429943,0.1572968,0.2468685,0.1441887,0.128896,0.1485581,0.0961258,0.2446838,0.06335564,0.1463734,0.142004,0.1878822,0.1682201,0.1004952,0.2250217,0.05243225,0.0961258,0.06117096,0.09175644,0.1026798,0.1747742,0.2293911,0.128896,0.1245266,0.03932419,0.1201572,0.1267113,0.08738709,0.06117096
potato022.png,p,0.09690461,0.07223798,0.04933326,0.1092379,0.2413806,0.1180474,0.05990466,0.2008568,0.05109515,0.1268569,0.08104749,0.1585712,0.1198093,0.1867616,0.1938092,0.2061425,0.1462379,0.1726664,0.1744283,0.1479998,0.2431425,0.1673807,0.1321426,0.1286188,0.1515236,0.1180474,0.2466663,0.1180474,0.1920473,0.1955711,0.1409522,0.1638569,0.1409522,0.05638086,0.1744283,0.2290473,0.1779521,0.1691426,0.03876184,0.2219996
potato023.png,p,0.1032374,0.09360195,0.1252614,0.0874077,0.1933981,0.1727507,0.09773145,0.1307674,0.05781297,0.1197554,0.07226621,0.2429521,0.1004844,0.3324246,0.1878922,0.1527914,0.1417794,0.07846045,0.2401991,0.0805252,0.2601584,0.1176907,0.3159066,0.1507267,0.1328322,0.1947746,0.09773145,0.09910794,0.0846547,0.1121847,0.1211319,0.2174869,0.1782567,0.1059904,0.2037219,0.03923023,0.04955397,0.1830744,0.05712472,0.1603622
potato024.png,p,0.1582261,0.1491846,0.2328185,0.1989129,0.1763091,0.05650933,0.05876971,0.1650073,0.1107583,0.05650933,0.1378828,0.1175394,0.08363382,0.187611,0.1446639,0.08589419,0.1469243,0.0678112,0.1378828,0.04520747,0.4000861,0.1559658,0.1107583,0.1130187,0.2011732,0.05424896,0.1650073,0.1853506,0.2667241,0.1062375,0.1288413,0.1039772,0.1469243,0.07685269,0.2554222,0.2034336,0.02938485,0.205694,0.08589419,0.1378828
potato025.png,p,0.1402924,0.1100756,0.07338373,0.03992939,0.1014422,0.2643973,0.1953302,0.15648,0.1845385,0.1230257,0.08093794,0.2795057,0.1338174,0.2784265,0.08417546,0.1597175,0.1629551,0.1036006,0.3097225,0.09604636,0.1284215,0.1705093,0.206122,0.1446091,0.06798787,0.2417347,0.1262632,0.1122339,0.03885021,0.1974886,0.1176298,0.2082803,0.1759051,0.100363,0.08309629,0.03777104,0.1219465,0.131659,0.1230257,0.1381341
potato026.png,p,0.2643788,0.07553681,0.2341641,0.3701304,0.06042945,0.04532209,0.01510736,0.1284126,0.02266104,0.06042945,0.03021472,0.0377684,0.1133052,0.06798313,0.09064417,0.1812883,0.2643788,0.1057515,0.166181,0.1057515,0.2945935,0.007553681,0.0377684,0.0377684,0.2643788,0.0377684,0.0377684,0.1284126,0.4985429,0.05287576,0.09064417,0.03021472,0.1812883,0.06798313,0.07553681,0.1737347,0.007553681,0.06798313,0.04532209,0.07553681
potato027.png,p,0.1819791,0.2163148,0.1133078,0.1922799,0.07897209,0.1682449,0.01716784,0.2609512,0.09613993,0.0549371,0.03776926,0.1854127,0.1373428,0.2781191,0.1373428,0.04120282,0.1201749,0.2334827,0.1373428,0.1030071,0.1785456,0.06180424,0.2609512,0.05150353,0.03433569,0.1442099,0.02746855,0.1442099,0.06867138,0.05150353,0.09270636,0.2403498,0.1648113,0.01030071,0.3708254,0.02060141,0.02403498,0.09613993,0.03433569,0.3227555
potato028.png,p,0.04941047,0.08117434,0.2364644,0.1517607,0.2152884,0.08470365,0.09529161,0.2823455,0.02117591,0.1517607,0.07764502,0.1058796,0.1199968,0.1164675,0.2117591,0.1623487,0.1729366,0.1517607,0.165878,0.2188178,0.1870539,0.1870539,0.1482314,0.2047005,0.09176229,0.07058638,0.1023502,0.2047005,0.04235183,0.1411728,0.1058796,0.1235262,0.2646989,0.1094089,0.1764659,0.1517607,0.2294057,0.09882093,0.1694073,0.1623487
potato029.png,p,0.08458678,0.1339291,0.0281956,0.06344008,0.0211467,0.1480269,0.2396626,0.1691736,0.1127824,0.2537603,0.1762225,0.2467114,0.07048899,0.1762225,0.0211467,0.07048899,0.140978,0.2396626,0.1832714,0.2960537,0.04934229,0.1832714,0.1198313,0.1973692,0.0281956,0.211467,0.1057335,0.1621247,0,0.1903203,0.1903203,0.1691736,0.04934229,0.140978,0.07048899,0.03524449,0.2608092,0.1480269,0.211467,0.1268802
potato030.png,p,0.2088552,0.1566414,0.3759394,0.1879697,0.06265657,0.03132828,0.06265657,0.219298,0.01044276,0.04177104,0.03132828,0.01044276,0.1461986,0.1879697,0.1044276,0.09398485,0.1253131,0.1357559,0.1253131,0.1461986,0.2088552,0.04177104,0.1670842,0.07309932,0.2715118,0.02088552,0.07309932,0.3550539,0.1148704,0.1253131,0.1044276,0.04177104,0.3237256,0,0.2088552,0.04177104,0.0522138,0.1044276,0.02088552,0.2401835
potato031.png,p,0.09741916,0.03812054,0.05929862,0.01694246,0.1058904,0.275315,0.1228329,0.110126,0.02117808,0.08471231,0.06353424,0.4108547,0.07624108,0.2371945,0.1185972,0.1482466,0.07624108,0.1228329,0.2287232,0.1567178,0.05929862,0.1567178,0.3600273,0.04235616,0.02964931,0.2117808,0.1313041,0.06353424,0.004235615,0.2626082,0.09741916,0.1609534,0.2075452,0.04659177,0.165189,0.008471231,0.1355397,0.2075452,0.07200547,0.1567178
potato032.png,p,0.1105141,0.09472634,0.1105141,0,0,0.03157545,0.04736317,0.07893862,0.2210281,0.2999668,0.1894527,0.06315089,0.04736317,0.07893862,0.01578772,0.3315422,0.1105141,0.04736317,0.4420563,0.09472634,0.01578772,0.1578772,0.2683913,0.09472634,0.03157545,0.2210281,0,0,0.03157545,0.2526036,0.03157545,0.1420895,0.07893862,0.2210281,0,0.03157545,0.3473299,0,0.1263018,0.07893862
potato033.png,p,0.0892971,0.2857507,0.0678658,0.05000638,0.1107284,0.0892971,0.1000128,0.2035974,0.3357571,0.1107284,0.1321597,0.2214568,0.1214441,0.3036101,0.1178722,0.1285878,0.1750223,0.1821661,0.1893099,0.0892971,0.1428754,0.1035846,0.2571757,0.1428754,0.09644087,0.1464472,0.1250159,0.1500191,0.0214313,0.0892971,0.1285878,0.1678786,0.1393035,0.09644087,0.1428754,0.03929073,0.09286898,0.2428881,0.1250159,0.1464472
potato034.png,p,0.144105,0.1566359,0.2662811,0.1378396,0.1722995,0.1190433,0.06578708,0.1691668,0.04699078,0.03132718,0.03132718,0.0845834,0.1315742,0.1253087,0.1315742,0.1691668,0.07205252,0.1691668,0.1816977,0.07831796,0.2537502,0.07518524,0.2161576,0.08145068,0.2161576,0.05325621,0.1816977,0.07205252,0.2130249,0.1503705,0.1848304,0.07831796,0.200494,0.06265437,0.4041207,0.08145068,0.05012349,0.1691668,0.04385806,0.2412193
potato035.png,p,0.1527654,0.07225393,0.1940534,0.2085042,0.2374058,0.07844712,0.07225393,0.150701,0.06399634,0.1156063,0.08051152,0.0990911,0.1321215,0.1630874,0.2002466,0.1032199,0.1589586,0.07018953,0.2146974,0.09289791,0.2374058,0.1651518,0.1300571,0.1589586,0.1630874,0.1094131,0.181667,0.1176707,0.243599,0.09083351,0.1445079,0.08670471,0.2621785,0.08051152,0.3385613,0.2064398,0.08876911,0.1672162,0.08051152,0.06606073
potato036.png,p,0.09245389,0.1617943,0.1762402,0.03178103,0.06645124,0.3149211,0.2224672,0.1068998,0.1444592,0.1300133,0.0722296,0.3206995,0.1271241,0.2629158,0.08956471,0.1820186,0.1329025,0.1329025,0.2311347,0.1906862,0.1242349,0.1357917,0.2455807,0.1068998,0.07511879,0.2484698,0.1068998,0.05200531,0.03467021,0.1184565,0.1386808,0.2282456,0.1502376,0.06934042,0.06356205,0.01444592,0.187797,0.1040106,0.09534308,0.1040106
potato037.png,p,0.2006229,0.08916575,0.2526363,0.09659623,0.2303448,0.08916575,0.03715239,0.2229144,0.03715239,0.03715239,0.1114572,0.1188877,0.1114572,0.1560401,0.06687431,0.1783315,0.1114572,0.007430479,0.1783315,0.04458287,0.1931925,0.2154839,0.07430479,0.170901,0.170901,0.1188877,0.2377753,0.1411791,0.05201335,0.05944383,0.2303448,0.1040267,0.4012459,0.1931925,0.2006229,0.04458287,0.05944383,0.1486096,0.007430479,0.2080534
potato038.png,p,0.0954892,0.0954892,0.08525821,0.05456525,0.218261,0.1091305,0.0477446,0.08525821,0.05456525,0.05115493,0.01364131,0.1193615,0.20803,0.259185,0.228492,0.1159512,0.1091305,0.2660056,0.1398235,0.2250817,0.3478535,0.1193615,0.3171605,0.1330028,0.09207886,0.09207886,0.1159512,0.04433427,0.1159512,0.07843755,0.20803,0.09207886,0.248954,0.03410328,0.2353127,0.0716169,0.09889952,0.1466441,0.02728263,0.2012094
potato039.png,p,0.1015261,0.2639679,0.1142169,0.02030522,0.06345382,0.3350362,0.1573655,0.0913735,0.1472128,0.08629719,0.1878233,0.3883373,0.08629719,0.2233574,0.0431486,0.0964498,0.08375904,0.07106827,0.1599036,0.08122089,0.06853012,0.1192932,0.2233574,0.05837751,0.1142169,0.2436627,0.1142169,0.08629719,0.02791968,0.1928996,0.1192932,0.2944257,0.1928996,0.08883534,0.08629719,0.0431486,0.0913735,0.1294458,0.05837751,0.2055904
potato040.png,p,0.1191257,0.07068995,0.1636342,0.05498108,0.08508976,0.3089413,0.1780339,0.1885065,0.07985347,0.1322164,0.05498108,0.3482135,0.1570888,0.2775235,0.1125803,0.1230529,0.1178166,0.1649432,0.2290878,0.1400708,0.1479253,0.124362,0.2042154,0.09425327,0.09556235,0.2317059,0.09163512,0.1361436,0.03534498,0.1086531,0.09163512,0.1937428,0.2303969,0.1583979,0.08378068,0.05629015,0.1217438,0.1531616,0.1086531,0.1230529
potato041.png,p,0.02538672,0.05077344,0.04442676,0,0,0.2856006,0.08885352,0.08885352,0.0317334,0.2538672,0.1713604,0.476001,0.01269336,0.1523203,0,0.1459736,0.04442676,0,0.2919473,0.03808008,0.00634668,0.05712012,0.1523203,0.06346679,0.00634668,0.3490674,0.03808008,0.00634668,0,0.2982939,0.03808008,0.1904004,0.1332803,0.04442676,0.03808008,0.0317334,0.3109873,0.03808008,0.1650137,0.1205869
potato042.png,p,0.1652247,0.2202996,0.5177041,0.1872547,0.04405992,0.0550749,0.0550749,0.3084195,0.03304494,0.01101498,0.02202996,0.03304494,0.06608988,0.0550749,0.03304494,0.08811984,0.06608988,0.1211648,0,0.08811984,0.2753745,0.01101498,0.1542097,0.1431947,0.06608988,0.02202996,0.0550749,0.1101498,0.1872547,0.08811984,0.1101498,0.03304494,0.3414644,0,0.1982697,0.03304494,0.01101498,0.01101498,0.04405992,0.3414644
potato043.png,p,0.1415972,0.06357425,0.1415972,0.2629662,0.1126998,0.02889739,0.02889739,0.2051715,0.02889739,0.04912556,0.04045634,0.03467686,0.08091269,0.09825112,0.2109509,0.06935373,0.1733843,0.06646399,0.1589356,0.06068452,0.3294302,0.04623582,0.08380242,0.08669216,0.187833,0.02889739,0.08091269,0.1069203,0.5808375,0.1647151,0.0520153,0.06646399,0.1647151,0.04623582,0.1358177,0.2051715,0.05779478,0.1444869,0.03467686,0.1704946
potato044.png,p,0.1946284,0.1124519,0.2249039,0.1773281,0.116777,0.01297522,0.02162537,0.07785135,0.1254272,0.0692012,0.00865015,0.00865015,0.1384024,0.08650149,0.1513776,0.1124519,0.08217642,0.1946284,0.0692012,0.1427275,0.3287057,0.09082657,0.09515165,0.1600278,0.173003,0.0519009,0.1340773,0.1816531,0.3589812,0.1643528,0.1686779,0.03027552,0.1470525,0.06487612,0.3719564,0.1643528,0.1038018,0.0346006,0.04325075,0.2638296
potato045.png,p,0.1168836,0.1442394,0.05968525,0.05719836,0.1069361,0.1218574,0.261123,0.2014377,0.2064115,0.1715951,0.1268312,0.1964639,0.1318049,0.1890033,0.08206721,0.1541869,0.1666213,0.08206721,0.2884787,0.1566738,0.08952788,0.1591607,0.1691082,0.1218574,0.05719836,0.1914902,0.1616475,0.1765689,0.04973771,0.1964639,0.1890033,0.1964639,0.1367787,0.0174082,0.1019623,0.05471148,0.1865164,0.2014377,0.2362541,0.1342918
potato046.png,p,0.132781,0.132781,0.1536094,0.09893484,0.132781,0.1041419,0.09372775,0.1275739,0.03384613,0.04946742,0.06769226,0.1197632,0.06248517,0.1978697,0.1666271,0.1223668,0.1484023,0.265562,0.1301774,0.2004732,0.2447336,0.07550291,0.132781,0.1223668,0.1510058,0.08852065,0.1718342,0.06508872,0.08071001,0.1015384,0.1353845,0.1588165,0.2863903,0.04426033,0.479053,0.04686388,0.1405916,0.1041419,0.02082839,0.2239052
potato047.png,p,0.1131474,0.095282,0.1548332,0.0238205,0.05955125,0.1488781,0.05359612,0.1369679,0.1071922,0.08932687,0.2322499,0.190564,0.08337175,0.2501152,0.1191025,0.2620255,0.1131474,0.095282,0.2143845,0.07741662,0.07741662,0.1310128,0.238205,0.1846089,0.190564,0.190564,0.238205,0.0714615,0.0238205,0.2501152,0.0714615,0.1369679,0.1607884,0.2262947,0.142923,0.04168588,0.238205,0.1786537,0.1310128,0.1726986
potato048.png,p,0.1467437,0.1607193,0.08385357,0.1013231,0.1677071,0.1257803,0.06638408,0.1816827,0.07686577,0.07337187,0.06638408,0.1816827,0.20614,0.241079,0.1222865,0.03493899,0.136262,0.1921644,0.1397559,0.08035967,0.2830058,0.136262,0.276018,0.09084137,0.06289017,0.1432498,0.136262,0.1327682,0.1432498,0.06638408,0.1956583,0.1642132,0.1502376,0.04542068,0.4122801,0.1257803,0.05240848,0.20614,0.06987797,0.1118048
potato049.png,p,0.1494019,0.2080955,0.1440661,0.0853725,0.1440661,0.1974239,0.1494019,0.0853725,0.1067156,0.170745,0.1440661,0.1760808,0.1120514,0.2294386,0.1173872,0.1600734,0.1600734,0.1333945,0.3628331,0.04802203,0.1814166,0.1974239,0.122723,0.2080955,0.1173872,0.1387303,0.02134313,0.1173872,0.1067156,0.1067156,0.1013798,0.1494019,0.1814166,0.1440661,0.03201469,0.2454459,0.09070828,0.1494019,0.2454459,0.06402937
potato050.png,p,0.1585699,0.1631794,0.1604137,0.2065096,0.2839507,0.08573835,0.123537,0.1770082,0.06914383,0.112474,0.09219178,0.08020685,0.0931137,0.2120411,0.3162178,0.09034794,0.2424644,0.07006575,0.1936027,0.07836301,0.3042329,0.1419753,0.1097082,0.1723986,0.1936027,0.08850411,0.101411,0.1594918,0.1263027,0.09772328,0.1060205,0.09126986,0.2544493,0.08942603,0.156726,0.1309123,0.05347123,0.1428972,0.09403561,0.1290685
potato051.png,p,0.1813161,0.1450529,0.2417547,0.07252643,0.03626321,0.03626321,0.04835095,0.1087896,0.2054915,0.02417547,0.06043869,0.01208774,0.02417547,0.02417547,0.1450529,0.1208774,0.06043869,0.02417547,0.0967019,0.01208774,0.3626321,0,0.01208774,0.3505444,0.1692283,0,0.1208774,0.1329651,0.5439482,0.02417547,0.08461416,0.06043869,0.02417547,0.08461416,0.1329651,0.3021934,0.01208774,0.1450529,0.02417547,0.08461416
potato052.png,p,0.0803738,0.1500311,0.3322117,0.2304049,0.05358253,0.02143301,0.06429904,0.1553894,0.04822428,0.03214952,0.02679127,0.05358253,0.0803738,0.1768224,0.04822428,0.2089719,0.04822428,0.1018068,0.07501555,0.0803738,0.1339563,0.05358253,0.1714641,0.1125233,0.1821806,0.04822428,0.03750778,0.09109031,0.09644856,0.1982554,0.1232398,0.1125233,0.1125233,0.01071651,0.2304049,0.06429904,0.01071651,0.1393146,0.01071651,0.6215574
potato053.png,p,0.1156773,0.1143322,0.1318184,0.04169764,0.157375,0.2098333,0.1022265,0.126438,0.06052883,0.1170224,0.09281088,0.2703621,0.1143322,0.3497221,0.1008814,0.2071431,0.1291282,0.1237478,0.3026442,0.09550105,0.1358536,0.1708258,0.2636367,0.1533397,0.1923472,0.2031079,0.06725426,0.09953631,0.06052883,0.1318184,0.09550105,0.2313547,0.1829316,0.05918375,0.06456409,0.06725426,0.1385438,0.1398889,0.08877562,0.1721709
potato054.png,p,0.09360071,0.08121238,0.03028258,0.03578851,0.2133546,0.2794257,0.1170009,0.1238833,0.1858249,0.143154,0.1142479,0.2023427,0.08534182,0.2106016,0.07020053,0.1472835,0.1624248,0.04817684,0.2863081,0.07570645,0.09910663,0.1211303,0.1816955,0.1073655,0.05505924,0.2766727,0.2959434,0.2009662,0.01927073,0.2037192,0.1156244,0.1858249,0.1445305,0.0798359,0.07020053,0.111495,0.2023427,0.1170009,0.2092251,0.1293892
potato055.png,p,0.155007,0.1181006,0.1008776,0.07873371,0.1402444,0.1697696,0.1254819,0.120561,0.1796113,0.2189781,0.17223,0.189453,0.1796113,0.2485033,0.09841714,0.1328631,0.155007,0.1353236,0.2189781,0.1451653,0.1353236,0.1254819,0.2337407,0.1181006,0.08857543,0.2460429,0.1673092,0.09103586,0.04920857,0.2608054,0.1451653,0.17223,0.137784,0.051669,0.206676,0.09595671,0.1279423,0.1623883,0.1500861,0.1451653
sgbeet001.png,s,0.1184701,0.1450074,0.1042537,0.1497461,0.2122983,0.158276,0.1156268,0.09572381,0.138373,0.06160443,0.04928355,0.1658581,0.1639626,0.1838655,0.1592238,0.09572381,0.1004626,0.2113506,0.1724924,0.09572381,0.1971342,0.1023581,0.2160894,0.08624621,0.08245517,0.1412163,0.229358,0.114679,0.2170372,0.1070969,0.1649103,0.1317387,0.1156268,0.0407537,0.3961639,0.2198804,0.09382829,0.2066118,0.04644026,0.1554327
sgbeet002.png,s,0.1288276,0.04068241,0.09153541,0.06441381,0.1220472,0.2237532,0.07797461,0.1593394,0.1220472,0.3322397,0.2101924,0.237314,0.033902,0.2237532,0.118657,0.1627296,0.1966316,0.04746281,0.2237532,0.07458441,0.135608,0.1423884,0.1661198,0.1457786,0.1491688,0.1220472,0.1932414,0.1389982,0.04068241,0.16951,0.07119421,0.1661198,0.152559,0.101706,0.05424321,0.1050962,0.2847768,0.1288276,0.2474846,0.08814521
sgbeet003.png,s,0.08209766,0.04300354,0.09773532,0.1211918,0.3362095,0.1602859,0.02345648,0.08600708,0.08600708,0.312753,0.2189271,0.1641953,0.04691295,0.2189271,0.1368295,0.2619306,0.1446483,0.04691295,0.1641953,0.05473178,0.1602859,0.1485577,0.1681048,0.1251012,0.1055541,0.1524671,0.3205718,0.08600708,0.1407389,0.1681048,0.09773532,0.07036943,0.1641953,0.05473178,0.08600708,0.2071989,0.1524671,0.1368295,0.1485577,0.08209766
sgbeet004.png,s,0.06174678,0.3377912,0.04721813,0.06537894,0.1017006,0.08717193,0.1743439,0.1125971,0.2578836,0.06174678,0.06537894,0.07627544,0.05448245,0.09443625,0.0799076,0.09080409,0.1162292,0.1198614,0.1271257,0.1162292,0.1271257,0.09443625,0.06174678,0.1452865,0.06537894,0.1634474,0.2869409,0.1089649,0.1525509,0.3450556,0.05085029,0.1961368,0.0399538,0.09080409,0.1743439,0.3741128,0.1489187,0.05811462,0.2034012,0.2106655
sgbeet005.png,s,0.1306942,0.06223531,0.06430982,0.08505492,0.2613883,0.2551648,0.1431412,0.1452157,0.1410667,0.1369177,0.1638863,0.1763334,0.07883139,0.1659608,0.1493647,0.1680353,0.1597373,0.05808629,0.1452157,0.08712943,0.1825569,0.1638863,0.09127846,0.1203216,0.1058,0.2344197,0.3298471,0.2012275,0.06430982,0.1576628,0.09750199,0.1286196,0.2116001,0.03941569,0.2323451,0.1120236,0.1514392,0.1887804,0.1472902,0.08712943
sgbeet006.png,s,0.09479031,0.1170939,0.0223036,0.1170939,0.0446072,0.1561252,0.1226698,0.1393975,0.1617011,0.2564914,0.1784288,0.1282457,0.0613349,0.1226698,0.0613349,0.1505493,0.1505493,0.0111518,0.2732191,0.1003662,0.09479031,0.2899468,0.1561252,0.1282457,0.0055759,0.3512817,0.0613349,0.111518,0.0223036,0.2007324,0.0501831,0.334554,0.111518,0.1059421,0.0111518,0.1059421,0.2453396,0.2118842,0.1393975,0.1449734
sgbeet007.png,s,0.06048925,0.09241414,0.058809,0.01512231,0.08905362,0.3814183,0.2184334,0.1495429,0.09913517,0.1361008,0.1209785,0.3427724,0.1125772,0.2856437,0.05208797,0.1478626,0.0823326,0.0823326,0.2251544,0.08737337,0.07729182,0.07897208,0.2335557,0.09073388,0.0823326,0.2705214,0.06553002,0.09241414,0.01848283,0.2066716,0.0823326,0.3024463,0.1814678,0.05712874,0.07393131,0.04032617,0.04872745,0.1075365,0.1596244,0.1327403
sgbeet008.png,s,0.1443751,0.05008934,0.05303577,0.09723224,0.2828574,0.2887503,0.1384823,0.1266966,0.1384823,0.2209824,0.07955366,0.2091966,0.1208037,0.2533931,0.1473216,0.1915181,0.2150895,0.02946432,0.2268752,0.06187506,0.1355359,0.1208037,0.1001787,0.2062502,0.07071436,0.1443751,0.2622324,0.1650002,0.02062502,0.170893,0.129643,0.1797323,0.1001787,0.1355359,0.1532144,0.03241075,0.1355359,0.1473216,0.1650002,0.04125004
sgbeet009.png,s,0.02019893,0.04544759,0.03534812,0.005049732,0.1262433,0.3938791,0.06564652,0.2171385,0.01009946,0.08584545,0.04544759,0.3938791,0.06564652,0.207039,0.131293,0.1262433,0.1262433,0.04039786,0.2878347,0.03029839,0.1161438,0.1161438,0.2676358,0.04544759,0.02019893,0.2625861,0.01009946,0.151492,0.03029839,0.1262433,0.05554705,0.2928845,0.2322877,0.1767406,0.05049732,0.01009946,0.06564652,0.09594491,0.07574598,0.1464422
sgbeet010.png,s,0.08846881,0.08393195,0.05217392,0.0294896,0.1996219,0.279017,0.1996219,0.1383743,0.1134216,0.147448,0.1701323,0.3266541,0.147448,0.1769376,0.1361059,0.1224953,0.1270321,0.03402647,0.1610586,0.07712666,0.09754254,0.2744802,0.1587902,0.1043478,0.1134216,0.2132325,0.1769376,0.09300567,0.04083176,0.2994329,0.1293006,0.2223063,0.1814745,0.02722117,0.09073725,0.1111531,0.147448,0.1338374,0.131569,0.1043478
sgbeet011.png,s,0.1880877,0.1149425,0.2037617,0.2612329,0.05224658,0.07314521,0.05224658,0.3239288,0.07836987,0.1776384,0.01567397,0.07314521,0.0626959,0.1462904,0.1619644,0.05224658,0.1567397,0.1410658,0.1724137,0.1567397,0.1619644,0.1097178,0.0992685,0.1410658,0.05224658,0.1253918,0.1044932,0.229885,0.2612329,0.1149425,0.1933123,0.1044932,0.3657261,0.02089863,0.1724137,0.1515151,0.1044932,0.1149425,0.09404384,0.1724137
sgbeet012.png,s,0.1283437,0.06167163,0.03833642,0.03833642,0.1516789,0.2916901,0.3816974,0.1183429,0.08834044,0.1850149,0.1050085,0.2183509,0.1033416,0.2916901,0.100008,0.1533457,0.1200097,0.04833722,0.2850229,0.05667123,0.1250101,0.1983493,0.2433529,0.1566793,0.08834044,0.1950157,0.08167324,0.07667284,0.02500201,0.2083501,0.08500684,0.2316853,0.1566793,0.02500201,0.03833642,0.08500684,0.08834044,0.1450117,0.05500443,0.100008
sgbeet013.png,s,0.1727407,0.05595825,0.1094835,0.03649451,0.1435451,0.374677,0.2676264,0.08515386,0.1119165,0.2141012,0.1338132,0.2578945,0.1216484,0.2165341,0.05839122,0.223833,0.09488574,0.08028793,0.2481627,0.04865935,0.07055606,0.1167824,0.1800396,0.1313802,0.1630088,0.2311319,0.153277,0.06082419,0.05352529,0.1824726,0.1338132,0.1849055,0.1630088,0.07055606,0.05352529,0.0973187,0.1386791,0.1581429,0.1435451,0.06325716
sgbeet014.png,s,0.1754472,0.1343268,0.1781885,0.1562577,0.2247917,0.1480336,0.06853406,0.2659121,0.0877236,0.0438618,0.04112044,0.1781885,0.1206199,0.2220504,0.1946367,0.05208588,0.1096545,0.1864126,0.1452922,0.1480336,0.2522053,0.1206199,0.1946367,0.1069131,0.09594768,0.1370681,0.08498223,0.1562577,0.09868904,0.1370681,0.1398095,0.1699645,0.2001195,0.1206199,0.2796189,0.04660316,0.09046496,0.1343268,0.05756861,0.2851017
sgbeet015.png,s,0.1191841,0.1117351,0.05214306,0.1663612,0.1241501,0.2458173,0.2358853,0.2259533,0.1564292,0.1787762,0.07200709,0.2557493,0.1167011,0.2060893,0.1167011,0.1191841,0.1489802,0.09683712,0.1837422,0.1142181,0.1167011,0.2060893,0.1688442,0.1216671,0.04469405,0.2656813,0.08690511,0.1440142,0.02483003,0.2905114,0.1067691,0.1315992,0.1613952,0.1117351,0.1042861,0.09932012,0.1092521,0.2011233,0.1266332,0.1713272
sgbeet016.png,s,0.1083891,0.06375832,0.08607373,0.01275166,0.1338925,0.3666103,0.2072145,0.0796979,0.05100666,0.1179529,0.09244957,0.4399324,0.1243287,0.3538587,0.05419457,0.09563749,0.04144291,0.03825499,0.2486575,0.02550333,0.06375832,0.114765,0.2327179,0.1020133,0.03825499,0.2741608,0.04781874,0.05419457,0.006375832,0.08926165,0.1020133,0.2518454,0.2167783,0.1211408,0.05738249,0.02869125,0.04144291,0.1243287,0.07650999,0.06057041
sgbeet017.png,s,0.08259086,0.06882571,0.07914957,0.02753028,0.192712,0.2443313,0.289068,0.1823881,0.1135624,0.1823881,0.144534,0.1961533,0.1720643,0.2030358,0.1066798,0.1823881,0.120445,0.1548578,0.2030358,0.08603214,0.07570828,0.1410927,0.1514166,0.1582991,0.05161928,0.1479753,0.264979,0.1101211,0.05506057,0.1582991,0.1410927,0.192712,0.1995946,0.02753028,0.1479753,0.1410927,0.120445,0.2064771,0.1858294,0.1410927
sgbeet018.png,s,0.08705962,0.03584808,0.04950449,0.1092513,0.131443,0.2287449,0.09559488,0.198018,0.09900898,0.131443,0.1109583,0.365309,0.08023142,0.2406943,0.1024231,0.1024231,0.1348571,0.08876668,0.2731282,0.08023142,0.1109583,0.1707051,0.2185026,0.08535257,0.06998911,0.2526436,0.1024231,0.2270378,0.03072693,0.232159,0.1399782,0.1570487,0.2031391,0.01536346,0.1109583,0.04950449,0.1621699,0.1058372,0.2031391,0.1792404
sgbeet019.png,s,0.1280945,0.08489987,0.09830511,0.07745251,0.08787881,0.284489,0.2442733,0.09383669,0.1206472,0.1400103,0.1385208,0.3619415,0.09681564,0.2457628,0.09085775,0.1995892,0.1117103,0.05362097,0.2100155,0.06404727,0.101284,0.1057525,0.2100155,0.09979458,0.1310735,0.284489,0.04766308,0.09383669,0.03872626,0.259168,0.09830511,0.2561891,0.1400103,0.07447357,0.08192092,0.04468414,0.09085775,0.1474577,0.1057525,0.1846944
sgbeet020.png,s,0.1355781,0.1638235,0.2655071,0.1581744,0.05649086,0.06213995,0.01129817,0.2146653,0.05649086,0.1073326,0.06213995,0.1920689,0.07908721,0.2768052,0.129929,0.05649086,0.1355781,0.2033671,0.1073326,0.09038538,0.1864198,0.05084178,0.3841379,0.05649086,0.1638235,0.03954361,0.05084178,0.05649086,0.3106998,0.09038538,0.1016836,0.1412272,0.1016836,0.005649087,0.2881034,0.05084178,0.01129817,0.0847363,0.01694726,0.327647
sgbeet021.png,s,0.1154498,0.09431107,0.07154632,0.07317238,0.09268501,0.2569163,0.1495969,0.1333363,0.1317103,0.152849,0.1739877,0.245534,0.1317103,0.2699248,0.1203279,0.1577271,0.1284582,0.0585379,0.1869961,0.1382145,0.1463448,0.1658574,0.2341516,0.1495969,0.08943291,0.2308995,0.08943291,0.2308995,0.01300842,0.2552903,0.1040674,0.1642313,0.2081348,0.1609792,0.09918923,0.02276474,0.1154498,0.1495969,0.1772398,0.1382145
sgbeet022.png,s,0.1994383,0.1012075,0.1756248,0.04465037,0.1339511,0.2559955,0.1666947,0.07441729,0.07441729,0.1518113,0.09823082,0.2827857,0.1488346,0.2589722,0.08037067,0.1071609,0.1041842,0.125021,0.2679022,0.1845549,0.1369278,0.2351586,0.2083684,0.1696714,0.163718,0.1964616,0.06846391,0.06548721,0.05655714,0.06251052,0.163718,0.125021,0.3006458,0.1458579,0.116091,0.01786015,0.125021,0.1607413,0.0357203,0.06548721
sgbeet023.png,s,0.105886,0.06286979,0.04301618,0.05625192,0.2812596,0.2481703,0.15552,0.1323575,0.05625192,0.1422843,0.158829,0.2216988,0.1290485,0.208463,0.2051541,0.2051541,0.07941448,0.03970724,0.2779507,0.0363983,0.102577,0.2415524,0.1886094,0.1125038,0.07610554,0.1853005,0.2448613,0.1224307,0.05956086,0.1753736,0.102577,0.1687558,0.1720647,0.08603235,0.07279661,0.1819915,0.158829,0.1290485,0.1886094,0.102577
sgbeet024.png,s,0.1062323,0.1260779,0.1599322,0.2124646,0.2474863,0.1132367,0.04786291,0.1716061,0.1073997,0.1120693,0.1085671,0.1284127,0.141254,0.1727735,0.1891169,0.08988889,0.1657691,0.1961212,0.1377518,0.1575974,0.213632,0.1003954,0.1365844,0.1272453,0.1330823,0.1249105,0.1996234,0.1494257,0.234645,0.1727735,0.1552626,0.1179062,0.2112973,0.05836941,0.2451515,0.2147994,0.1225758,0.162267,0.1015628,0.1599322
sgbeet025.png,s,0.05029896,0.05029896,0.05029896,0.1117755,0.1676632,0.2906162,0.1397193,0.2067846,0.03912141,0.1117755,0.06706528,0.4303355,0.09500914,0.1900183,0.1117755,0.1005979,0.173252,0.05029896,0.3017938,0.03912141,0.1397193,0.1844295,0.1564856,0.05029896,0.06706528,0.2235509,0.1900183,0.2347285,0.02794387,0.05588773,0.0838316,0.1844295,0.2011958,0.122953,0.07824282,0.1117755,0.1117755,0.1061867,0.1844295,0.07265405
sgbeet026.png,s,0.07183636,0.01576896,0.01226474,0.05081108,0.1103827,0.3153791,0.1506811,0.1822191,0.04555476,0.1331601,0.0858532,0.3767028,0.1016222,0.1997401,0.1121348,0.1068785,0.1121348,0.08059689,0.2540554,0.1191432,0.05957161,0.2242696,0.2347822,0.07709268,0.03329002,0.1682022,0.1384164,0.1787148,0.03679423,0.1629459,0.1279038,0.1366643,0.1892275,0.08760531,0.148929,0.0841011,0.1734585,0.1419206,0.3083707,0.08234899
sgbeet027.png,s,0.1760942,0.1580333,0.07224379,0.03160666,0.09030473,0.1760942,0.1986704,0.1354571,0.2709142,0.1038504,0.1309419,0.2393075,0.1399723,0.1851247,0.09481997,0.2122161,0.06321331,0.05869808,0.3115513,0.06321331,0.07224379,0.1625485,0.1399723,0.1851247,0.1309419,0.3070361,0.0496676,0.1309419,0.08578949,0.2528532,0.1580333,0.1760942,0.1941552,0.09481997,0.06321331,0.08578949,0.171579,0.1219114,0.1173962,0.07675903
sgbeet028.png,s,0.1178392,0.02280759,0.09123036,0.04181391,0.07222403,0.2888961,0.09123036,0.04941644,0.05321771,0.2090696,0.06842276,0.4333442,0.03801265,0.3535176,0.09123036,0.09883288,0.1596531,0.003801265,0.315505,0.02280759,0.1026341,0.1634544,0.2432809,0.08362782,0.09883288,0.2812936,0.01140379,0.09503162,0.04181391,0.1558519,0.05321771,0.1672556,0.1596531,0.2242746,0.03041012,0.003801265,0.05701897,0.03801265,0.1026341,0.129243
sgbeet029.png,s,0.1251597,0.1251597,0.1512346,0.03650491,0.2711793,0.09386976,0.09386976,0.09386976,0.2085995,0.1095147,0.06779482,0.2033845,0.1564496,0.2659643,0.1355896,0.09908474,0.06779482,0.08865477,0.1668796,0.05214987,0.1408046,0.1616646,0.2294594,0.08865477,0.1199447,0.2294594,0.3181142,0.09386976,0.05736485,0.06257984,0.2659643,0.1564496,0.1720946,0.1408046,0.2503194,0.02607493,0.1199447,0.2242444,0.08865477,0.07300981
sgbeet030.png,s,0.1179788,0.1075689,0.04857949,0.0763392,0.3712861,0.1734982,0.1110388,0.1075689,0.1075689,0.2394275,0.1387985,0.1214487,0.1110388,0.187378,0.1561484,0.1006289,0.1249187,0.1006289,0.2186077,0.1040989,0.1734982,0.2012579,0.1457385,0.1353286,0.02775971,0.1040989,0.3608762,0.07980916,0.03122967,0.1492084,0.1596183,0.1075689,0.1040989,0.1110388,0.1075689,0.194318,0.1665583,0.2220777,0.1734982,0.08327913
sgbeet031.png,s,0.1155575,0.2212101,0.07923943,0.2278134,0.1155575,0.2014002,0.1452723,0.1155575,0.3862922,0.1551772,0.1947969,0.08584271,0.046223,0.1254624,0.06273121,0.05942957,0.1023509,0.07263614,0.1551772,0.1254624,0.1914953,0.1155575,0.1056526,0.1419706,0.06273121,0.2179084,0.3730856,0.1056526,0.1320657,0.05282629,0.04292136,0.1452723,0.09904929,0.0693345,0.231115,0.2608298,0.1221608,0.07263614,0.07923943,0.05282629
sgbeet032.png,s,0.09291005,0.2158792,0.1147712,0.2049486,0.1584936,0.2923934,0.05738562,0.2951261,0.1065733,0.04098973,0.03552443,0.2514037,0.1530283,0.3005913,0.1584936,0.03825708,0.1311671,0.2104139,0.0792468,0.1748895,0.09291005,0.07104886,0.1912854,0.06558356,0.06558356,0.07104886,0.0901774,0.147563,0.1257018,0.05192032,0.0847121,0.1912854,0.1776222,0.1093059,0.2759975,0.1038406,0.03279178,0.1229692,0.07104886,0.2541363
sgbeet033.png,s,0.116012,0.1063443,0.06445111,0.029003,0.203021,0.2159112,0.1095669,0.1063443,0.319033,0.1289022,0.1546827,0.1321248,0.09989922,0.1965759,0.06767366,0.2094661,0.1933533,0.04189322,0.2191338,0.08378644,0.1256797,0.09345411,0.09345411,0.1482375,0.05478344,0.3029202,0.1836857,0.1772406,0.02578044,0.3544811,0.1707954,0.08056389,0.1031218,0.09667666,0.09989922,0.06445111,0.1224571,0.1997984,0.1836857,0.09023155
sgbeet034.png,s,0.161329,0.1325203,0.03168963,0.23047,0.2218274,0.1065924,0.0345705,0.1786143,0.1325203,0.2477553,0.1238776,0.1037115,0.05473663,0.2621596,0.1209968,0.09506889,0.1411629,0.08066451,0.1065924,0.09506889,0.1411629,0.08642626,0.1354011,0.1555673,0.05185575,0.207423,0.2736832,0.2563979,0.161329,0.1555673,0.115235,0.1814951,0.1209968,0.02592788,0.138282,0.2016613,0.09218801,0.1555673,0.2563979,0.1872569
sgbeet035.png,s,0.122759,0.1270413,0.112767,0.02997603,0.06137948,0.3040425,0.4068175,0.1070572,0.1670093,0.08564579,0.09421037,0.3011877,0.1370333,0.2512276,0.03996804,0.1541624,0.05709719,0.07279892,0.2655019,0.07993607,0.09992009,0.08992808,0.2084048,0.1042024,0.1498801,0.2526551,0.06851663,0.0813635,0.03425832,0.1698641,0.1341784,0.2398082,0.1513076,0.02283888,0.1099121,0.0528149,0.09849266,0.1113395,0.1170492,0.06994406
sgbeet036.png,s,0.1021425,0.1395947,0.08852349,0.0612855,0.2655705,0.1566185,0.09192824,0.1395947,0.13619,0.1532137,0.1157615,0.1532137,0.1021425,0.13619,0.08852349,0.258761,0.1259757,0.1464042,0.1566185,0.054476,0.1191662,0.1157615,0.108952,0.081714,0.081714,0.122571,0.4255937,0.2281182,0.07149974,0.2349277,0.1395947,0.231523,0.13619,0.06469025,0.1429995,0.1702375,0.1055472,0.1395947,0.095333,0.204285
sgbeet037.png,s,0.08635314,0.09560526,0.09560526,0.0678489,0.2343871,0.2436392,0.1017733,0.0986893,0.1264457,0.2313031,0.2498073,0.151118,0.1171935,0.1727063,0.1387818,0.1480339,0.1973786,0.1449499,0.1634542,0.08943718,0.1202776,0.1942946,0.1141095,0.2066307,0.1572861,0.1973786,0.2713956,0.1202776,0.151118,0.1850424,0.1819584,0.1356978,0.1326137,0.02467233,0.1634542,0.1356978,0.1356978,0.1727063,0.1171935,0.08635314
sgbeet038.png,s,0.09036109,0.1458099,0.0739318,0.2012588,0.2567076,0.08830743,0.03901956,0.2197417,0.08420011,0.04312688,0.01026831,0.08830743,0.1684002,0.1848295,0.2279564,0.04107322,0.133488,0.1601856,0.115005,0.1006294,0.3326931,0.1519709,0.1930441,0.0472342,0.0472342,0.1252733,0.1314343,0.1417026,0.1540246,0.1293806,0.1581319,0.1992051,0.1252733,0.09857573,0.3265321,0.1191123,0.04312688,0.1950978,0.0472342,0.2813516
sgbeet039.png,s,0.06710497,0.1395783,0.06710497,0.1181048,0.1610519,0.2576831,0.1181048,0.1610519,0.1046838,0.03757878,0.09126277,0.1583677,0.107368,0.1986307,0.2362095,0.1181048,0.1181048,0.1798413,0.120789,0.1342099,0.2013149,0.1127364,0.1503151,0.09663116,0.08857857,0.07247337,0.1181048,0.1046838,0.2201043,0.1986307,0.08589437,0.1395783,0.09126277,0.03489459,0.4267876,0.1181048,0.06442077,0.2013149,0.06710497,0.2952619
sgbeet040.png,s,0.1045337,0.09872632,0.06097802,0.1684155,0.2061638,0.04355573,0.06968917,0.2352009,0.1045337,0.1248598,0.05226687,0.09291889,0.1103412,0.3106975,0.2468158,0.1393783,0.1422821,0.08420774,0.09001517,0.04355573,0.377483,0.2090675,0.3048901,0.1306672,0.07259288,0.06388173,0.1393783,0.1045337,0.1451858,0.1800303,0.08711146,0.1306672,0.1132449,0.1190523,0.2090675,0.1277635,0.06388173,0.1887415,0.02903715,0.1916452
sgbeet041.png,s,0.1121586,0.04906937,0.08061396,0.1121586,0.2698815,0.154218,0.09813874,0.1401982,0.03504955,0.2593667,0.157723,0.234832,0.0700991,0.231327,0.1331883,0.231327,0.1366933,0.0315446,0.3610104,0.04556442,0.07710901,0.1717428,0.1191685,0.1296833,0.1156635,0.1366933,0.1892676,0.09112883,0.0700991,0.1682378,0.08762388,0.1472081,0.2278221,0.09112883,0.04906937,0.1927725,0.234832,0.07710901,0.1927725,0.08061396
sgbeet042.png,s,0.2158116,0.1590191,0.2214908,0.136302,0.07383028,0.03975476,0.03407551,0.2726041,0.03407551,0.06815102,0.06247177,0.06247177,0.2442078,0.2896419,0.113585,0.06247177,0.1192643,0.1760568,0.07383028,0.1192643,0.2839626,0.06815102,0.1249435,0.1987738,0.1079058,0.08518878,0.07383028,0.1987738,0.2839626,0.1249435,0.1930946,0.06247177,0.1987738,0.08518878,0.1760568,0.05111327,0.03975476,0.136302,0.07950953,0.3010004
sgbeet043.png,s,0.1452351,0.1126313,0.0948474,0.1007754,0.1155953,0.1659829,0.0622436,0.1985867,0.151163,0.160055,0.1067033,0.2845422,0.09188341,0.2104427,0.07706351,0.0948474,0.151163,0.1689469,0.1778389,0.2134066,0.07706351,0.1452351,0.1333791,0.1422711,0.08002749,0.1067033,0.1748749,0.2697223,0.1037393,0.08891943,0.1067033,0.1037393,0.160055,0.1096673,0.0948474,0.163019,0.2845422,0.1689469,0.3023261,0.157091
sgbeet044.png,s,0.154101,0.1271945,0.02446048,0.02935258,0.102734,0.2470509,0.2666192,0.1051801,0.1271945,0.1834536,0.1394247,0.2739574,0.151655,0.256835,0.05381306,0.1858996,0.1320866,0.04647491,0.2617271,0.0562591,0.05381306,0.1785615,0.1785615,0.1369787,0.0562591,0.1932378,0.1174103,0.09784192,0.01223024,0.205468,0.1394247,0.2274825,0.1663313,0.07338144,0.05381306,0.07827353,0.2176983,0.1785615,0.203022,0.1320866
sgbeet045.png,s,0.1398382,0.04068021,0.0966155,0.1144131,0.2110286,0.1372957,0.0584778,0.1500083,0.06864786,0.2135711,0.2186561,0.09407299,0.06356283,0.1779759,0.1322107,0.1398382,0.2034011,0.06356283,0.198316,0.07881791,0.1500083,0.1423807,0.1118706,0.1627208,0.1550933,0.09915802,0.2542513,0.1550933,0.1423807,0.2161136,0.1525508,0.1271257,0.1144131,0.07373288,0.2644214,0.2008585,0.1754334,0.183061,0.292389,0.08390294
sgbeet046.png,s,0.08456981,0.1141692,0.0887983,0.03805641,0.1268547,0.1818251,0.1310832,0.1818251,0.03805641,0.1945106,0.02537094,0.3171368,0.22411,0.2537094,0.1014838,0.05074188,0.1226262,0.0887983,0.2663949,0.08456981,0.1099408,0.1522257,0.241024,0.1268547,0.03382792,0.2198815,0.06342736,0.06765585,0.00422849,0.1649111,0.1479972,0.2494809,0.2875374,0.1268547,0.1691396,0.01691396,0.1310832,0.2452524,0.0887983,0.1014838
sgbeet047.png,s,0.1084921,0.09274327,0.05774581,0.04374683,0.2047351,0.2519817,0.152239,0.0839939,0.1259909,0.1557387,0.1539888,0.2432324,0.0839939,0.2029853,0.05424606,0.1837367,0.1574886,0.07349467,0.1977357,0.09974276,0.1259909,0.1732374,0.1767372,0.1224911,0.1487392,0.2624809,0.192486,0.1819868,0.05074632,0.248482,0.0839939,0.1959858,0.1452395,0.1452395,0.09624302,0.1539888,0.1872364,0.09624302,0.1452395,0.2187341
sgbeet048.png,s,0.2097754,0.06694961,0.0624863,0.03570646,0.3436747,0.1115827,0.05802299,0.09372945,0.174069,0.232092,0.174069,0.08480284,0.04909638,0.2097754,0.04909638,0.2365553,0.1606791,0.02677984,0.1919222,0.04463307,0.07587622,0.1651424,0.1383625,0.1517524,0.1294359,0.174069,0.4686473,0.0624863,0.03570646,0.1472891,0.07141291,0.1071194,0.1562158,0.02231654,0.1963855,0.04463307,0.1115827,0.1517524,0.1294359,0.09372945
sgbeet049.png,s,0.1058791,0.1008373,0.1210047,0.1562978,0.186549,0.1588187,0.09327448,0.1739443,0.1184838,0.110921,0.09831634,0.1260466,0.1235257,0.1512559,0.09831634,0.1361303,0.1134419,0.1462141,0.186549,0.1159629,0.2041955,0.1562978,0.1184838,0.1159629,0.1361303,0.186549,0.2873862,0.1739443,0.148735,0.2142792,0.2067164,0.1235257,0.1235257,0.110921,0.3201583,0.1436931,0.1815071,0.1764652,0.1462141,0.1336094
sgbeet050.png,s,0.1092062,0.04598157,0.08046775,0.01149539,0.2758894,0.4023387,0.1092062,0.04598157,0.02873848,0.2299078,0.1379447,0.2414032,0.1551878,0.2586463,0.09771083,0.1781786,0.09771083,0.1092062,0.2873848,0.09771083,0.1264493,0.2069171,0.2414032,0.1034585,0.1207016,0.08621544,0.264394,0.05172927,0.1264493,0.05172927,0.05747696,0.1436924,0.1379447,0.1092062,0.09196313,0.06897235,0.1379447,0.1092062,0.06897235,0.07472005
sgbeet051.png,s,0.1950734,0.150418,0.09166099,0.0517062,0.2373785,0.1433672,0.199774,0.09401127,0.1645197,0.1927231,0.1598192,0.108113,0.1175141,0.2890847,0.09636156,0.1198644,0.1480678,0.03525423,0.1786214,0.0775593,0.1222147,0.1222147,0.1551186,0.1692203,0.1480678,0.1903728,0.350192,0.1480678,0.09636156,0.1386666,0.1363163,0.183322,0.1339661,0.06110733,0.1621694,0.1339661,0.1551186,0.1950734,0.1057627,0.1175141
sgbeet052.png,s,0.1269376,0.08242703,0.07253579,0.04945622,0.08572412,0.283549,0.243984,0.1384774,0.1450716,0.1351803,0.1335318,0.3330052,0.100561,0.2522267,0.04121352,0.201122,0.1088037,0.03956497,0.2637665,0.1038581,0.05934747,0.1071551,0.2159588,0.0972639,0.06923871,0.2753063,0.1648541,0.1566114,0.02802519,0.1928793,0.143423,0.2143103,0.1500172,0.02307957,0.09066974,0.06429309,0.08572412,0.1269376,0.2291472,0.07748141
sgbeet053.png,s,0.05456787,0.08185181,0.03001233,0.05183948,0.07912342,0.2073579,0.1446049,0.1746172,0.1855308,0.1282345,0.1718888,0.1964443,0.07639502,0.166432,0.06548145,0.1637036,0.1418765,0.06820984,0.2046295,0.1418765,0.1555184,0.07912342,0.1718888,0.1691604,0.04638269,0.1609752,0.2591974,0.1064074,0.03546912,0.346506,0.1200493,0.166432,0.1991727,0.07093824,0.08458021,0.1200493,0.1991727,0.1691604,0.3001233,0.180074
sgbeet054.png,s,0.2166149,0.1095244,0.1411648,0.2044455,0.1095244,0.1192599,0.09005339,0.272594,0.07301626,0.09248727,0.1046566,0.2214827,0.06328076,0.1338632,0.1630697,0.1046566,0.1922762,0.02433875,0.2360859,0.07545014,0.2385198,0.08275177,0.1022228,0.1655035,0.2044455,0.1703713,0.09248727,0.2458214,0.2409537,0.1679374,0.1387309,0.155768,0.2750279,0.04624363,0.1022228,0.1703713,0.09248727,0.1046566,0.08761951,0.1509003
sgbeet055.png,s,0.09046291,0.1487612,0.07237032,0.0763909,0.2935019,0.1990184,0.09247319,0.09046291,0.1688641,0.1165966,0.09649377,0.1929875,0.2010287,0.2472653,0.1809258,0.0603086,0.1366995,0.1407201,0.2231418,0.06432918,0.3357179,0.1266481,0.1467509,0.1045349,0.06432918,0.1869567,0.1407201,0.1387098,0.08242176,0.1407201,0.1869567,0.1206172,0.1125761,0.1547921,0.2693784,0.06633946,0.03618516,0.1929875,0.08242176,0.1507715
sgbeet056.png,s,0.1117208,0.03007867,0.03437563,0.03437563,0.0644543,0.2964898,0.2019568,0.1289086,0.1031269,0.1417995,0.09453297,0.3609441,0.04726649,0.2621142,0.07734516,0.1460964,0.09882993,0.02148477,0.275005,0.06875125,0.03867258,0.1332056,0.1546903,0.1031269,0.03867258,0.2921928,0.03007867,0.09023602,0.04296954,0.3050837,0.1117208,0.2535203,0.1976599,0.1890659,0.02148477,0.1160177,0.1289086,0.1246117,0.1546903,0.09882993
sgbeet057.png,s,0.1351166,0.2848404,0.1679828,0.1533756,0.1259871,0.1771123,0.06025471,0.1314648,0.08033961,0.06390651,0.06755831,0.2483224,0.1004245,0.2282375,0.07851371,0.09129501,0.07121011,0.2300634,0.1150317,0.1552015,0.109554,0.09677272,0.2629296,0.06025471,0.08581731,0.1241612,0.1223353,0.08581731,0.1132058,0.1917195,0.1040763,0.273885,0.08033961,0.0146072,0.2793627,0.06755831,0.1205094,0.1497238,0.05477701,0.3578764
sgbeet058.png,s,0.05142272,0.1452692,0.08613306,0.06556397,0.1401269,0.3239631,0.2339734,0.09898873,0.1182723,0.1067021,0.08099078,0.3805281,0.1735517,0.273826,0.1182723,0.1285568,0.07841965,0.11313,0.1902641,0.08613306,0.08356192,0.0964176,0.2635414,0.09384646,0.09256089,0.1966919,0.2416868,0.04628045,0.08613306,0.1247001,0.1285568,0.1876929,0.142698,0.08741862,0.1722661,0.1208434,0.07970522,0.1529826,0.08227635,0.1208434
sgbeet059.png,s,0.0576727,0.1153454,0.096995,0.102238,0.09437351,0.096995,0.04980824,0.19399,0.096995,0.1310743,0.1048595,0.1468032,0.09437351,0.1494247,0.1546677,0.04718675,0.2700131,0.03670081,0.096995,0.04456527,0.183504,0.06815864,0.1258314,0.1651536,0.1101024,0.2123404,0.1808826,0.1494247,0.06815864,0.280499,0.08650905,0.2647701,0.1572892,0.007864459,0.1284528,0.2202049,0.07078013,0.1966115,0.2726346,0.3748725
sgbeet060.png,s,0.1498012,0.0592963,0.05617544,0.01872515,0.1435595,0.2777564,0.2559103,0.07802144,0.09050488,0.1934932,0.07177974,0.2371852,0.07490059,0.2278226,0.08426316,0.2059766,0.07802144,0.05305459,0.2496686,0.08114231,0.09674659,0.131076,0.2028558,0.09674659,0.08738402,0.3401735,0.2278226,0.131076,0.03432944,0.1934932,0.10923,0.2309435,0.1903723,0.1466803,0.09674659,0.02808772,0.2059766,0.1185926,0.08738402,0.06241716
sgbeet061.png,s,0.1150182,0.156373,0.09175608,0.08787906,0.1705888,0.1085565,0.04781655,0.1615424,0.1434496,0.0529859,0.05686292,0.1576654,0.1628347,0.2442521,0.1150182,0.1059718,0.1008025,0.1938509,0.1860968,0.1227722,0.2041896,0.1137258,0.2868993,0.08012503,0.08012503,0.1680041,0.1188952,0.1201875,0.09951011,0.1835122,0.1692964,0.1757581,0.144742,0.08400204,0.4187179,0.08529438,0.06849397,0.1512037,0.05169357,0.2584678
sgbeet062.png,s,0.06058883,0.07662705,0.03564049,0.073063,0.2405733,0.1960227,0.04633263,0.1300878,0.1603822,0.1211777,0.1176136,0.2120609,0.03029441,0.1995867,0.142562,0.1799845,0.2298812,0.04989668,0.1407799,0.08375514,0.2067148,0.146126,0.1746384,0.1247417,0.08553717,0.1960227,0.2583935,0.2049328,0.07840908,0.3189824,0.09266527,0.1211777,0.07662705,0.1568182,0.1283058,0.1033574,0.1817665,0.1586002,0.2120609,0.1924586
sgbeet063.png,s,0.150926,0.07905649,0.05030867,0.01916521,0.2443564,0.2922694,0.1533217,0.1102,0.1293652,0.1820695,0.1317608,0.206026,0.05989128,0.2227955,0.1892564,0.09822169,0.206026,0.07905649,0.1892564,0.08145214,0.1916521,0.1485304,0.198839,0.08145214,0.150926,0.2946651,0.2443564,0.1102,0.03353912,0.1772782,0.1605086,0.2156086,0.1437391,0.06228693,0.08624344,0.06947388,0.1413434,0.1102,0.1125956,0.1221782
sgbeet064.png,s,0.1627802,0.1449413,0.249745,0.1159531,0.2430554,0.033448,0.04459733,0.1984581,0.07581545,0.04905706,0.06466612,0.08473492,0.1783893,0.2118373,0.2742736,0.1427114,0.1471712,0.1248725,0.1605504,0.1404816,0.1627802,0.1159531,0.16724,0.1048037,0.1516309,0.08473492,0.1850789,0.1538608,0.1516309,0.09588426,0.1471712,0.08473492,0.3255605,0.1494011,0.2408256,0.1650101,0.08027519,0.1650101,0.08250505,0.1360219
sgbeet065.png,s,0.05986077,0.02565461,0.02137884,0.06413653,0.2308915,0.1239973,0.1325488,0.09406692,0.07268807,0.2180642,0.1966854,0.08551538,0.08979115,0.2437188,0.08123961,0.1325488,0.09834269,0.09406692,0.1411004,0.08123961,0.1068942,0.2822008,0.1197215,0.08979115,0.05130923,0.1239973,0.4190254,0.166755,0.02137884,0.1582035,0.1197215,0.07696384,0.05986077,0.02993038,0.2907523,0.05130923,0.2308915,0.1881338,0.3121311,0.04703346
sgbeet066.png,s,0.05521905,0.05176786,0.2899,0.1587548,0.2829976,0.08973096,0.02070715,0.1207917,0.05521905,0.05521905,0.06212143,0.08973096,0.1794619,0.1484012,0.2519369,0.08973096,0.06557263,0.1207917,0.1380476,0.1000845,0.3451191,0.1311453,0.1138893,0.1276941,0.1173405,0.08973096,0.1691083,0.0759262,0.14495,0.07937739,0.09318215,0.1207917,0.1760107,0.1691083,0.3865333,0.07247501,0.1138893,0.2450345,0.02760953,0.1725595
sgbeet067.png,s,0.07935022,0.05951266,0.03967511,0.1256378,0.165313,0.191763,0.1256378,0.09918778,0.1983756,0.1388629,0.09918778,0.1388629,0.09918778,0.1256378,0.03967511,0.2314381,0.1388629,0.06612518,0.3769135,0.05951266,0.1322504,0.2645007,0.08596274,0.178538,0.08596274,0.2116006,0.0727377,0.2182131,0.06612518,0.1983756,0.1256378,0.1256378,0.09918778,0.2380507,0.03306259,0.1256378,0.2049881,0.1322504,0.3041758,0.05290015
sgbeet068.png,s,0.08277787,0.09584806,0.008713461,0.06970768,0.06970768,0.2352634,0.1742692,0.1045615,0.07406441,0.1350586,0.1394154,0.2701173,0.06970768,0.113275,0.06970768,0.2178365,0.1045615,0.01307019,0.2962576,0.07842115,0.06970768,0.3267547,0.2178365,0.09149133,0.0435673,0.2483336,0.1002048,0.09149133,0.02614038,0.3398249,0.06099422,0.1742692,0.1089183,0.1829827,0.01307019,0.05663749,0.22655,0.05228076,0.2701173,0.1045615
sgbeet069.png,s,0.1224355,0.2158731,0.1514334,0.1321014,0.06766172,0.1772093,0.08054966,0.1739873,0.09343761,0.05155179,0.06121774,0.235205,0.1385454,0.3383086,0.07088371,0.07410569,0.09021562,0.2674249,0.1127695,0.1127695,0.1063256,0.1192135,0.3737504,0.07732768,0.05155179,0.228761,0.09343761,0.0966596,0.09021562,0.1256575,0.1159915,0.2545369,0.1482114,0.06121774,0.228761,0.05155179,0.06766172,0.1095475,0.07088371,0.238427
sgbeet070.png,s,0.05277998,0.06122478,0.07389197,0.1182272,0.1013376,0.2047863,0.1710071,0.1414503,0.1182272,0.2153423,0.1688959,0.2301207,0.08233677,0.1583399,0.1330056,0.1562288,0.1942303,0.06122478,0.2427879,0.1034488,0.2090087,0.1878967,0.2005639,0.1351168,0.1541176,0.1583399,0.1308943,0.2385655,0.04011279,0.1815631,0.06966957,0.1688959,0.1857855,0.08022557,0.09922636,0.05911358,0.1688959,0.2575663,0.2153423,0.1477839
sgbeet071.png,s,0.1189821,0.08130441,0.0634571,0.04560979,0.057508,0.2994382,0.2835739,0.1427785,0.1348463,0.1665749,0.1368294,0.2934891,0.1407954,0.2617605,0.0694062,0.1983034,0.08328744,0.1070838,0.2518454,0.05552496,0.05949103,0.1308803,0.233998,0.07535531,0.1328633,0.3192685,0.0634571,0.09518564,0.01983034,0.2181338,0.1407954,0.2102016,0.1070838,0.02577945,0.05949103,0.02181338,0.08923654,0.172524,0.1546767,0.08725351
sgbeet072.png,s,0.194052,0.02196815,0.06224309,0.1171634,0.1354702,0.2709405,0.2013747,0.2379883,0.06224309,0.1208248,0.09519531,0.3295222,0.08054987,0.2416496,0.1281475,0.1684225,0.142793,0.03295222,0.2196815,0.0695658,0.1098407,0.2343269,0.1647611,0.08421123,0.04759765,0.2672791,0.01464543,0.2013747,0.01830679,0.2892473,0.07688852,0.153777,0.2160201,0.05858172,0.01098407,0.01830679,0.04027494,0.03661358,0.08421123,0.2123588
sgbeet073.png,s,0.1021276,0.1741191,0.1138471,0.07868845,0.1757933,0.1423089,0.09543067,0.1038018,0.1121729,0.09208222,0.1038018,0.090408,0.08705956,0.1824902,0.1289151,0.1255667,0.09543067,0.1607253,0.1757933,0.1322636,0.22602,0.1372862,0.1623996,0.1138471,0.180816,0.1741191,0.3381929,0.1021276,0.1573769,0.180816,0.1222182,0.1607253,0.105476,0.02009067,0.3582836,0.1590511,0.1188698,0.2159747,0.1557027,0.1640738
sgbeet074.png,s,0.1250521,0.1658854,0.03572917,0.01020833,0.091875,0.2985938,0.3190104,0.1454688,0.1097396,0.1148437,0.1276042,0.3496354,0.1352604,0.2118229,0.09953125,0.1760938,0.05869792,0.1352604,0.2245833,0.1122917,0.08166667,0.2041667,0.1888542,0.153125,0.1020833,0.2194792,0.1505729,0.08421875,0.04083334,0.1914063,0.1199479,0.1888542,0.1403646,0.1020833,0.07911459,0.07401042,0.09953125,0.1454688,0.09442709,0.1276042
sgbeet075.png,s,0.1073043,0.03714381,0.06603344,0.09079598,0.181592,0.1692107,0.07841471,0.1485752,0.03301672,0.3260401,0.07428762,0.1733378,0.1114314,0.2269899,0.231117,0.185719,0.2146087,0.05777926,0.2600067,0.09492306,0.2063545,0.2641338,0.2641338,0.1320669,0.1114314,0.1981003,0.07016053,0.1485752,0.09492306,0.1114314,0.08666889,0.136194,0.2187358,0.0825418,0.06603344,0.04539799,0.185719,0.1238127,0.1320669,0.09905016
sgbeet076.png,s,0.0845528,0.4565851,0.105691,0.06552842,0.04439022,0.2430893,0.09512191,0.08878045,0.5411379,0.06975606,0.02959348,0.1141463,0.1352845,0.1817885,0.05495932,0.03804876,0.04439022,0.2008129,0.1268292,0.105691,0.1078048,0.03593494,0.1395121,0.06764224,0.05495932,0.1965853,0.06975606,0.08878045,0.09934954,0.08243898,0.07186989,0.2219511,0.1078048,0.09300809,0.1839024,0.0634146,0.05918697,0.1120325,0.06552842,0.1141463
sgbeet077.png,s,0.103192,0.05965787,0.141889,0.03385987,0.09674249,0.3031265,0.2273449,0.1241529,0.1644622,0.1725241,0.12899,0.2805532,0.1322147,0.2402439,0.0709445,0.1983221,0.07416924,0.07416924,0.2531428,0.07739399,0.09029299,0.09513012,0.2886151,0.1112539,0.08545586,0.2466933,0.05643312,0.05965787,0.0193485,0.2676542,0.08545586,0.1870355,0.1725241,0.0709445,0.1370519,0.01451137,0.06449499,0.1370519,0.103192,0.232182
sgbeet078.png,s,0.08527058,0.1196334,0.03945355,0.05981668,0.1196334,0.3321735,0.2278124,0.1514507,0.162905,0.1718139,0.1476326,0.2329032,0.08654328,0.237994,0.1056337,0.1769046,0.1361784,0.03690816,0.2507209,0.06490745,0.09545214,0.1323603,0.150178,0.162905,0.07508902,0.2354486,0.208722,0.1539961,0.01654504,0.1858135,0.1221787,0.2099947,0.1399965,0.02799929,0.1132699,0.07763441,0.120906,0.192177,0.208722,0.1259968
sgbeet079.png,s,0.07783806,0.08928483,0.08470612,0.1579655,0.1304932,0.1259145,0.04578709,0.1373613,0.1350719,0.1350719,0.14194,0.1327826,0.09386354,0.2472503,0.1144677,0.2060419,0.2174887,0.1510974,0.109889,0.1304932,0.1739909,0.1007316,0.1785697,0.1533868,0.1144677,0.1442293,0.251829,0.290748,0.1007316,0.2678545,0.103021,0.1717016,0.1556761,0.1075997,0.1304932,0.103021,0.1671229,0.1304932,0.251829,0.1717016
sgbeet080.png,s,0.1027035,0.09628451,0.04172329,0.06418967,0.1187509,0.2471302,0.1444268,0.2086164,0.105913,0.2407113,0.1187509,0.2021975,0.09307502,0.2888535,0.1508457,0.198988,0.1636837,0.04172329,0.3016915,0.0385138,0.1251699,0.1444268,0.2310828,0.1315888,0.0770276,0.2246639,0.08023709,0.18615,0.04814225,0.1380078,0.08344658,0.1347983,0.1668932,0.1187509,0.02246639,0.1091224,0.1636837,0.1380078,0.2728061,0.09628451
